UF number,,,OPRM1 C17T,OPRM1 A118G,OPRD1 T80G,OPRK1 G36T,OPRK1 A843G,OPRK1 C846T,CALCA1 P1 G/A,CALCA1 P2 TC/CG843/846,CALCA 1 P4 T/C,MC1R V60L G/T,MC1R V92M G/A,MC1R R151C C/T,MC1R R160W C/T,MC1R R163Q G/A,MC1R D294H G/C
719,M001,Roger,CC,AA,TG,GG,AA,CC,,TCCG,TT,GG,GG,CC,CC,GG,GG
720,M002,Roger,CC,AA,TT,GG,AG,CC,,TCCG,TT,GG,GG,CC,CC,GG,GG
721,M003,Roger,CC,AA,TG,GG,AA,CC,,TCCG,TC,,,,,,GG
722,NOC001,Roger,CC,AG,TT,GT,AG,CT,,TCCG,TT,GG,GG,CC,CC,GG,GG
723,OC001,Roger,CC,AA,TT,GG,AA,CC,,TCCG,TT,,,CC,,GG,GG
724,NOC002,Roger,CC,AG,TG,GG,AG,CC,,TCTC,TT,GG,GG,CC,CC,GG,GC
727,M004,Roger,CC,AA,TG,GG,AA,CC,,TCCG,TT,,,,,,GC
730,M005,Roger,CC,AG,TT,GG,AA,CC,,TCTC,TT,GG,GG,CC,CC,GG,GG
731,M007,Roger,CC,AA,TG,GT,AA,CC,,TCCG,TT,,,,,,GC
732,M006,Roger,CC,AA,TT,GG,AA,CC,,TCTC,TT,GG,GG,CT,CC,GG,GG
735,M009,Roger,CC,AA,TT,GG,AA,CC,,TCCG,TT,TT,GG,CC,CC,GG,GG
736,OC002,Roger,CC,AA,TT,GG,AA,CC,,TCCG,TT,GG,GG,CC,CC,GG,GG
737,RH001,Roger,CC,AA,TT,GG,AG,CC,,TCTC,TT,GG,GG,CT,CC,GG,GC
738,RH002,Roger,CC,AA,TT,GT,AG,CC,,CGCG,TT,GG,GG,CT,CT,GG,GG
740,RH004,Roger,CC,AA,TT,GG,AA,CC,,CGCG,TT,GG,GG,CT,CC,GG,GC
741,RH003,Roger,CC,AA,TG,GT,AA,CC,,TCCG,TT,GG,GG,CT,CT,GG,GG
742,RH005,Roger,CC,AA,TT,GG,AA,CC,,TCCG,TT,GG,GG,CT,CT,GG,GG
744,RH006,Roger,CC,AA,TT,GG,AG,CC,,TCTC,TT,GG,GG,CT,CC,GG,GG
745,RH007,Roger,CC,AA,TT,GG,AA,CC,,CGCG,TT,GG,GG,CC,CT,GG,GG
747,M010,Roger,CC,AA,TG,GG,AA,CC,,TCCG,TT,,,CC,CC,GG,GG
748,RH008,Roger,CC,AG,TG,GG,AA,CC,,TCTC,TT,GG,GG,CT,CC,GG,GG
751,RH009,Roger,CC,AA,TT,TT,AG,CT,,TCCG,TT,GG,GA,CC,CT,GG,GG
752,OC004,Roger,CC,AA,TT,GG,AA,CC,,TCTC,TT,GG,GG,CC,CC,GG,GG
753,RH010,Roger,CC,AA,TG,GG,AA,CC,,TCTC,TT,GG,GG,CT,CT,GG,GG
754,OC003,Roger,CC,AA,TT,GG,AA,CC,,CGCG,TT,,,,,,GG
760,M011,Roger,CC,AA,TT,GG,AA,CC,,TCCG,TT,,,,,,GG
761,RH011,Roger,CC,AA,TG,GG,AG,CC,,CGCG,TT,GG,GG,CC,CC,GG,CC
762,RH012,Roger,CC,AA,TT,GG,AA,CC,,TCTC,TT,GG,GG,CT,CC,GG,CG
763,RH013,Roger,CC,AA,TT,GG,AA,CC,,TCTC,TT,GG,GG,TT,CC,GG,GG
764,RH014,Roger,CC,AA,TT,GG,AA,CC,,TCCG,TT,GG,GG,TT,CC,GG,GG
765,RH015,Roger,CC,AA,TG,GG,AA,CC,,TCTC,TT,GG,GG,CC,CT,GG,GG
766,RH016,Roger,CC,AA,TT,GG,AG,CC,,CGCG,TT,GG,GG,TT,CC,GG,GG
767,M013,Roger,CC,AA,TT,GT,AG,CT,,TCCG,CC,,,,CC,GG,GG
768,NRH001,Roger,CC,AG,TT,GG,AA,CC,,CGCG,TT,GG,GA,CC,CC,GG,GG
769,M014,Roger,CC,AA,TT,TT,AA,CC,,TCCG,TT,GG,GG,CC,CC,GA,GC
770,NRH002,Roger,CC,AA,TT,GG,AA,CC,,TCTC,TT,GG,GG,CC,CT,GG,GG
771,NOC004,Roger,CC,AA,TT,GG,AA,CC,,TCTC,TT,,,,,,GG
772,RH017,Roger,CC,AG,TG,GG,AA,CC,,TCCG,TT,GG,GG,CC,CT,GG,GG
773,RH018,Roger,CC,AA,TT,GG,AA,CC,,TCCG,TT,GG,GG,CT,CT,GG,GG
774,NRH003,Roger,CC,AG,TT,GG,AA,CC,,TCTC,TC,GG,GG,CT,CC,GG,GG
775,NRH004,Roger,CC,AG,TT,GG,AA,CC,,TCCG,TT,GG,GG,CT,CC,GG,GG
776,M016,Roger,CC,AG,TT,GG,AA,CC,,TCCG,TT,GG,GG,CC,CC,GG,GG
777,M017,Roger,CC,AA,TT,GG,AA,CC,,TCTC,TT,,,,,,GG
778,NRH005,Roger,CC,AA,TT,GG,AA,CC,,TCTC,TC,GG,GG,CC,CC,GG,GG
779,RH019,Roger,CC,AA,TT,GG,AA,CC,,TCTC,TT,GG,GG,CC,CT,GG,GG
781,NRH007,Roger,CC,AA,TT,GG,AG,CC,,TCTC,TT,GG,GG,CC,CT,GG,GG
783,OC005,Roger,CC,AA,TT,GG,AA,CC,,TCTC,TT,,,,,,CC
784,OC006,Roger,CC,AA,TT,GG,AG,CC,,TCTC,TT,,,,,,CC
785,NRH008,Roger,CC,AA,TT,GG,AG,CC,,TCCG,TT,GG,GG,CC,CC,GG,GG
786,M018,Roger,CC,AA,GG,GG,AA,,,CGCG,TT,GG,GG,,,,CC
788,M019,Roger,CC,AA,TT,GG,AG,CT,,CGCG,TT,GG,GG,CC,CC,AA,GG
789,NRH009,Roger,CC,AG,TG,GG,AG,CT,,TCCG,TT,GG,GG,CC,CC,GG,GG
790,NRH010,Roger,CC,AA,TT,GG,AA,CC,,TCTC,TT,GG,GG,CC,CC,GG,GG
791,NRH011,Roger,CC,AG,TT,GT,AA,CC,,TCCG,TT,GG,GG,CC,CC,GG,GG
792,NRH012,Roger,CC,AA,TT,GG,AA,CC,,TCCG,TT,GG,GG,CC,CC,GG,GG
793,RH020,Roger,CC,AA,TT,GG,AA,CC,,TCCG,TT,GG,GG,CT,CT,GG,GG
796,NRH013,Roger,CC,AA,TT,GG,AG,CC,,TCCG,TT,GG,GA,CC,CC,GG,GG
797,M020,Roger,CC,AA,TT,GG,AA,CC,,TCTC,TT,,,,,,GG
799,RH021,Roger,CC,AG,TT,GG,AG,CC,,CGCG,TT,GG,GG,CC,CT,GG,GG
800,NOC005,Roger,CC,AG,TT,GG,AA,CC,,TCTC,TT,GG,GG,,,,GG
801,NOC006,Roger,CC,AA,TT,GT,AG,CC,,TCTC,TT,GG,GG,,,,GG
802,M021,Roger,CC,AA,TT,GG,AA,CC,,CGCG,TT,,,,,,CC
803,NRH014,Roger,CC,AA,TT,GG,AA,CC,,TCTC,TT,GG,GG,CC,CC,GG,GG
806,NRH015,Roger,CC,AA,TG,GG,AA,CC,,TCTC,TT,GG,GG,CC,CC,GA,GG
807,M023,Roger,CC,AA,TT,GG,AA,CC,,CGCG,TT,GG,GG,,,,CC
809,M022,Roger,CC,AA,TT,GG,AG,CC,,TCTC,TT,,,,,,CC
810,OC007,Roger,CC,AA,TG,GG,AA,CC,,TCTC,TT,,GG,,,,CC
811,M024,Roger,CC,AG,TT,GG,AA,CC,,TCTC,TT,GG,GA,,,,GG
812,NRH016,Roger,CC,AA,TT,GT,AA,CC,,TCCG,TT,GG,GG,CC,CC,GG,GG
813,RH023,Roger,CC,AG,TT,GG,AA,CC,,TCCG,TT,GG,GG,CC,CC,GG,GG
814,OC008,Roger,CC,AA,TT,GG,AG,CT,,TCCG,TT,GG,GG,,,,CC
815,NOC008,Roger,CC/CT,AG,TT,GG,AG,CC,,TCTC,TT,GG,GA,,,,GG
816,OC009,Roger,CT,AA,TT,GG,AG,CC,,TCCG,TT,GG,GG,,,,CC
817,NRH017,Roger,CC,AA,TG,GG,AA,CC,,TCTC,TT,GG,GG,CC,CC,GG,GG
818,NRH018,Roger,CC,AA,TT,GG,AA,CC,,TCTC,TT,GG,GA,,,,CC
819,M026,Roger,CC,AA,TT  ^,GG,AG,CT,,TCCG,TT,GG,GG,,,,CC
821,NRH019,Roger,CC,AA,TG,GT,GG,CT,,TCCG,TT,GG,GG,CT,CC,GG,GG
822,M027,Roger,CC,AA,TT,GG,AG,CC,,TCCG,TT,,,,,,CC
823,M025,Roger,CC,AA,TT,GG,AG,CC,,TCTC,TT,,,,,,GG
824,NRH020,Roger,CC,AG,TG,GG,AA,CC,,TCCG,TT,GG,GA,CC,CC,GG,GG,
825,M028,Roger,CC,AA,TT,GT,AA,CC,,TCTC,,,,,,,GG,
828,M030,Roger,CC,GG,TT,GG,AA,CC  *,,TCCG,,,,,,,GG,* GA @ 756
832,NRH021,Roger,CC,AG,TT,GT,AA,CC,,TCCG,,GG,GG,CC,CC,GG,GG,
837,NRH022,Roger,CC,AA,TT,GG,,,,TCCG,TT,GG,GG,CC,CT,GG,GG,
838,NRH023,Roger,CC,AA,TT,GT,AA,CC,,TCCG,,GG,GG,CC,CC,GG,GG,
839,NRH025,Roger,CC,AA,TT,TT,AG,CT,,TCTC,TT,GG,GG,CC,CC,GG,GG,
841,OC010,Roger,CC,AA,TT,GG,AG,CC,,TCTC,TT,,,,,,GG,
842,NOC007,Roger,CC,AA,TT,GT,AG,CC,,TCTC,TT,,,,,,GG,
843,OC011,Roger,CC,AA,TG,GG,AA,CC,,TCCG,TT,,,,,,GG,
844,M031,Roger,CC,AA,TT,GG,AA,CC,,TCCG,TT,,,,,,GG,
845,NOC010,Roger,CC,AA,TG,GG,AA,CC,,TCTC,TT,,,,,,GG,
846,OC013,Roger,CC,AA,TT,GT,AA,CC,,TCTC,TT,,,,,,GG,
847,NOC016,Roger,CC,AA,TG,GG,AA,CC,,TCTC,TT,,,,,,GG,
849,NOC009,Roger,CC,AA,TT,GG,AA,CC,,TCTC,TT,,,,,,GG,
850,NOC012,Roger,CC,AA,TT,GG,AG,CC,,TCTC,TT,,,,,,GG,
851,NOC015,Roger,CC,AA,TT,GG,AA,CC,,TCTC,TT,,,,,,GG
852,483,Roland,CC,AA ,TT,GG,GG,CC,,TCCG,TT,,,,,,GG
853,OC015,Roger,CC,AA ,TG,GT,AG,CT,,TCTC,TT,,,,,,GG
855,69,Roland,CC,AA,TG,GG,AA,CC,,TCTC,TC,,,,,,GG
856,OC016,Roger,CC,AG,TT,GG,AA,CC,,TCCG,TT,,,,,,GG
857,930,Roland,CC,AA,TT,GG,AA,CC,,TCTC,TT,,,,,,GG
858,NOC011,Roger,CC,AA,TT,GG,AA,CC,,TCCG,TT,,,,,,GG
859,1001,Roland,CC,AA,TG,GG,AA,CC,,CGCG,TT,,,,,,GG
861,672,Roland,CC,AA ,TT,GG,AA,CC,,TCCG,TT,,,,,,GG
862,572,Roland,CC,AA  ,TT,GG,AA,CC,,TCCG,TT,,,,,,GG
863,NOC013,Roger,CC,AA   ,TT,GT,AG,CT,,TCCG,TT,,,,,,GG
864,730,Roland,CC,AA    ,TT,GG,AG,,,CGCG,,,,,,,GG
865,676,Roland,CC,AG,TG,GG,AG,,,TCCG,TT,,,,,,GG
866,1000,Roland,CC,AG,TG,GG,AG,,,CGCG,TT,,,,,,GG
867,NOC014,Roger,CC,AA,TT,GG,AA,CC,,TCTC,TT,,,,,,GG
868,523,Roland,CC,AA,TT,GG,AA,,,TCTC,TT,,,,,,GG
869,727,Roland,CC,AA,TT,GT,AG,CT,,TCCG,TT,,,,,,GG,
870,NOC017,Roger,CC,AG,TT,GG,AG,CC,,TCCG,TT,,,,,,GG,
871,734,Roland,CC,AG,TT,GG,AA,CC  *,,TCTC,TT,,,,,,GG,*GT@836
872,548,Roland,CC,AG,TG,GG,AA,CC,,TCCG,TT,,,,,,GG,
873,347,Roland,CC,AG,TT,GG,AA,CC,,CGCG,TT,,,,,,GG,
874,645,Roland,CC,AA,TT,GG,AA,CC,,TCTC,TT,,,,,,GG,
875,NOC019,Roger,CC ,AA,TG,GG,AA,CC,,TCTC,TT,,,,,,GG,
876,OC017,Roger,CC,AA,TG,GG,AG,CC,,TCTC,TT,,,,,,GG,
877,2002 247#1,Nick,CC,AA,TT,GG,AA,CC,,TCCG,TC,,,CC,CT?,GA?,GG,
878,570,Roland,CC,AA,TT  ^,GG,AA,CC,,TCTC,TT,,,,,,GG,^ AG@154
879,OCO019,Roger,CC,AG,TT,GG,AA,CC,,TCCG,TT,,,,,,GG,
880,NOC020,Roger,CT,AA,TT   ^,GG,GG,CT,,TCCG,TT,,,,,,GG,^ AG@154
881,OC018,Roger,CC,AA,TG,GG,AA,CC,,TCCG,TT,,,,,,GG,
882,OC021,Roger,CC,AA,TT,GT,AA,CC,,TCCG,TT,,,,,,GG,
883,433,Roland,CC,AA,TT,GG,AA,CC,,CGCG,TT,,,,,,GG,
884,OC022,Roger,CC,AA,TT,GG,AA,CC,,TCCG,TT,,,,,,GG,
885,TR1108489,Roger,CC,AA,TG,GG,AG,CC,,TCTC,TT,,,,,,GG,
886,2,Nick,CC,AA,TT,GT,AG,CT,,TCTC,TC,,,,,,GG,
887,3,Nick,CC,AG,TT,GG,AG,CC,,TCCG,TT,,,,,,GG,
888,415,Roland,CC,AA,TT,GG,AA,CC,,TCCG,TT,,,,,,GG,
889,260,Roland,CC,AA,TT,GG,AA,CC,,TCCG,TT,,,,,,GC,
890,742,Roland,CC,AG,TT,GG,AA,CC,,TCCG,TT,,,,,,GG,
891,60,Roland,CC,AA,TT,GG,AA,CC,,TCTC,TT,,,,,,GG,
892,4,Nick,CC,AA,TT,GG,AA,CC,,TCTC,TT,,,,,,GG,
893,5,Nick,CC,AG,TT,GG,AG,CC,,TCTC,TT,,,,,,GG,
895,650,Roland,CC,AA,TT,GG,AA,CC,,TCCG,TT,,,,,,GC,
896,6,Nick,CC,AG,TT,GG,AA,CC,,TCTC,TT,,,,,,GG,
897,562,Roland,CC,AA,TT,GG,AG,CC  *,,TCTC,TT,,,,,,GG,* TA@845
900,NOC021,Roger,CC,AA,TT,GG,AA,CC,,TCTC,TT,,,,,,GG,
901,236,Roland,CC,AA,TG,GG,AA,CC*,,TCTC,TT,,,,,,GG,* AT@851
902,MO32,Roger,CC,AA,TT,GT,GG,CC,,TCTC,TT,,,,,,GG,
903,759,Roland,CC,AA,TT,GG,AA,CC,,TCCG,TT,,,,,,GG,
904,361,Roland,CC,AG,TT,GG,AG,CC,,TCCG,TT,,,,,,GG
905,513,Roland,CC,AA,TG,GT,AA,CC,,TCTC,TT,,,,,,GG
922,MO033,Roger,CC,AA,TG,GG,AA,CC,,TCTC,TT,,,,,,GG
923,7,Nick,CC,AG,TT,GG,AA,CC,,TCCG,TT,,,,,,GG
924,8,Nick,CC,AA,TT,GG,AA,CC,,TCCG,TT,,,,,,GG
925,1003,Roland,CC,AA,GG,GT,GG,CC,,TCTC,,,,,,,GG
926,603,Roland,CC,AA,TT,GG,AA,CC,,TCTC,TT,,,,,,GG
927,781,Roland,CC,AA,TT,GG,AA,CC,,TCCG,TT,,,,,,GG
928,750,Roland,CC,AA,TT,GG,AA,CC,,TCCG,TT,,,,,,GG
929,785,Roland,CC,AA,TG,GG,AA,CC,,TCTC,TT,,,,,,GG
930,RH024,Roger,SEE UF 766,,,GG,,,,,TT,,,,,,GG
931,RH022,Roger,SEE UF 741,,,GT,,,,,TT,,,,,,GG
932,783,Roland,CC,AA,TT,GG,AA,CC,,TCCG,TT,,,,,,GG
933,615,Roland,CC,AG,TT,GT,AG,CT,,TCCG,TT,,,,,,GG
934,NRH026,Roger,CC SEE UF 817,AA,TG,GG,,,,,TT,,,,,,GG
936,775,Roland,CC,AA,TG,GG,AA,CC,,TCTC,TT,,,,,,GG
937,694,Roland,CC,AA,TT,GT,AG,CT,,TCTC,TT,,,,,,GG
938,OC025,Roger,CC,AA,TG,GG,AA,CC,,TCTC,TT,,,,,,GG
939,465,Roland,CC,AA,TT,GG,AG,CC,,TCCG,TC,,,,,,GG
940,NRH027,Roger,SEE UF 774,,,GG,,,,,,,,,,,GG
941,RH025,Roger,SEE UF742,,,GG,,,,,,,,,,,GG
942,RH026,Roger,CC,AA,TG,GG,AG,CC,,TCCG,TT,GG,GG,TT,CC,GG,GG
945,NRH028,Roger,SEE UF 768,,,GG,,,,,,,,,,,GG
946,808,Roland,CC,AA,TT,TT,AG,CT,,TCTC,TT,,,,,,GG
947,770,Roland,CC,AA,TT,GG,AA,CC,,TCCG,TT,,,,,,GG
948,M035,Roger,CC,AA,TG,GG,AA,CC,,TCTC,TT,,,,,,GG
952,NOC024,Roger,CC,AA,TG,GG,AA,CC,,TCTC,TT,,,,,,GG
953,NOC022,Roger,CC,AA,TT,TT,AG,CT,,CGCG,TT,,,,,,GG
954,741,Roland,CC,AA,TG,GG,AA,CC,,TCTC,TT,,,,,,GG
955,OC026,Roger,CC,AG,TG,GG,AA,CC,,TCCG,TT,,,,,,GG
956,764,Roland,CC,AG,TT,GG,AA,CC,,TCCG,TT,,,,,,GG
957,811,Roland,CC,AA,TG,GG,AA,CC,,TCCG,TT,,,,,,GG
958,RH027,Roger,CC,AA,TT,GT,AG,CT,,TCTC,TT,GG,GG,CT,CT,GG,GG
959,NOC025,Roger,CC,AG,TT,GG,AA,CC,,TCTC,TT,,,,,,GG
960,RH028,Roger,CC,AA,TT,GG,AA,CC,,TCCG,TT,GG,GG,CC,CT,GG,GC
961,M034,Roger,CC,AA,TT,GG,AA,CC,,TCTC,TT,,,,,,GG
962,802,Roland,CC,AG,TT,GG,AA,CC,,TCCG,TT,,,,,,GG
963,755,Roland,CC,AA,GG,GT,AA,CC,,TCCG,TT,,,,,,GG
964,NOC023,Roger,CC,AA,TG,GG,AA,CC,,TCTC,TT,,,,,,GG
966,OCO027,Roger,CC,AG,TT,GG,AG,CC,,CGCG,TT,,,,,,GG
967,818,Roland,CC,AA,TT,GG,AA,CC,,TCCG,TT,,,,,,GG
968,M036,Roger,CT,AA,TT,GT,AA,CC,,TCTC,TT,,,,,,GG
969,RH029,Roger,CC,AA,TT,GG,AA,CC,,CGCG,TT,GG,GG,CT,CT,GG,GG
970,NRH032,Roger,CC,AA,GG,GG,AA,CC,,CGCG,TT,GG,GG,CC,CC,GG,GG
971,NRH031,Roger,CC,AA,TT,GG,AA,CC,,TCCG,,GG,GG,CC,CC,GA,GG
972,784,Roland,CC,AA,TT,GG,AA,CC,GG,TCCG,TT,,,,,,GG
973,NOC026,Roger,CC,AA,TT,GG,AG,CC,,TCTC,,,,,,,CC
974,817,Roland,CC,AG,TT,GG,AG,CC,GG,TCCG,TT,,,,,,GG
975,801,Roland,CC,AA,TT,GT,AG,CT,GG,TCCG,TT,,,,,,GG
976,736,Roland,CC,AA,TT,GG,AA,CC,GA,TCTC,TT,,,,,,GG
977,NRH033,Roger,CC,AA,TT,GT,AA,CC,,TCCG,,GG,GG,CC,CC,GA,GG
978,791,Roland,CC,AA,TT,GG,AA,CC,GG,TCTC,TT,,,,,,GG
979,9,Nick,CC,AA,TT,GG,AA,CC,GG,TCTC,TT,,,,,,GG
980,RH030,Roger,CC,AA,TT,GG,AA,CC,,TCTC,,GG,GG,CT,CC,GG,GG
981,115,Roland,CC,AG,TT,GG,AA,CC,GG,TCCG,TT,,,,,,GG
982,828,Roland,CC,AA,TT,GT,AG,CT,GG,TCCG,TT,,,,,,GG
983,RH031,Roger,CC,AA,TT,GG,AG,CC,,TCTC,,GG,GG,CC,CT,GG,GG
984,833,Roland,CC,AA,TT,GG,AA,CC,GG,TCCG,TT,,,,,,GG
985,11,Nick,TT,AA,TT,GG,AG,CT,GG,TCTC,TT,,,CC,CC,GG,GG
986,12,Nick,CC,AA,TT,GT,GG,TT,GG,TCTC,TT,,,,,,GG
987,NOC027,Roger,CC,AA,TT,GT,AA,CC,,TCTC,TT,,,,,,GG
988,NRH034,Roger,CC,AA,TT,GG,AA,CC,,TCTC,,GT,GG,CC,CC,GG,GG
989,RH032,Roger,CC,AA,TT,GG,AA,CC,,CGCG,,GG,GG,CT,CC,GG,GG
990,OC028,Roger,CC,AA,TT,GG,AA,CC,,TCTC,,,,,,,GG
991,NRH035,Roger,CC,AA,TT,GG,AA,CC,,TCTC,,GT,GG,CC,CC,GG,GG
992,568,Roland,CC,,TG,GG,AG,CC,GG,TCTC,TT,,,,,,GG
993,RH033,Roger,CC,AA,TT,GG,AA,CC,,TCTC,,GG,GG,CC,CC,GG,GC
994,294,Roland,CC,AA,TG,GG,AA,CC,GG,TCTC,TT,,,,,,GG
995,NRH036,Roger,CC,AA,TT,GG,AA,CC,,TCTC,,GT,GG,CC,CC,GG,GG
996,12,Nick,,GG,TT,GT,AG,CT,GG,TCCG,TT,,,,,,GG
997,13,Nick,CC,AA,TT,GG,AG,CC,GG,TCCG,TT,,,CC,CT,GG/GA?,GG
998,14,Nick,CC,AA,TT,GG,GG,CC,GG,TCCG,TT,,,,,,GG
999,NRH037,Roger,CC,GG,TT,GG,AA,CC,,TCCG,,GG,GG,CC,CC,GG,GG
1000,15,Nick,CC,GG,TT,GG,AA,CC,GG,TCTC,TC,,,CC,CT?,GG,GG
1001,NOC028,Roger,CC,AA,TT,GG,AG,CC,,TCTC,,,,,,,GG
1002,NRH038,Roger,CC,AG,TT,GG,AA,CC,,TCTC,,GG,GG,CC,CC,GG,GG
1003,1004,Roland,CC,AG,TT,GG,,,GG,TCCG,TT,,,,,,GG
1004,2009,Roland,CC,AA,TT,GG,,,GG,TCCG,TT,,,,,,GG
1005,16,Nick,CC,AA,TT,GG,AA,CC,GG,CGCG,TT,,,CC,CT?,GG,GG
1006,RH034,Roger,CC,AA,TT,GT,GG,CT,,TCTC,,GG,GG,TT,CC,GG,GG
1007,RH035,Roger,CC,AG,TG,GG,AA,CC,,TCTC,,GG,GG,CC,CT,GG,GC
1008,845,Roland,CC,AA,TT,GG,AA,CC,GG,TCCG,TT,,,,,,GG
1009,RH036,Roger,CC,AA,TG,GG,AA,CC,,TCTC,,GG,GG,CT,CC,GG,GC
1010,17,Nick,CC,AA,TT,GG,AA,CC,GG,TCCG,TT,,,CC,CC,GG,GG
1011,RH037,Roger,CC,AA,TT,GG,AA,CC,,CGCG,,GG,GG,CT,CT,GG,GG
1012,1005,Roland,CC,AA,TT,GG,AG,CC,GG,TCTC,TT,,,,,,GG
1013,1006,Roland,CC,AA,TT,GG,,,GG,TCTC,TT,,,,,,GG
1014,RH038,Roger,CC,AA,TT,GG,AA,CC,,TCTC,,GG,GG,TT,CC,GG,GG
1016,OC029,Roger,CC,AA,TT,GT,AA,CC,,TCTC,,,,,,,GG
1017,RH039,Roger,CC,AA,TT,GT,AA,CC,,TCTC,,GG,GG,CC,CT,GG,GG
1018,841,Roland,CC,AA,TT,GG,AG,CC,GG,TCCG,TT,,,,,,GG
1019,49,Roland,CC,AA,TT,GG,AA,CC,GG,TCCG,TT,,,,,,GG
1020,RH040,Roger,CC,AA,TT,GG,AG,CC,,TCCG,,GG,GG,CC,CT,GG,GC
1022,NRH039,Roger,CC,AG,TT,GG,AA,CC,,TCCG,,GT,GG,CC,CC,GG,GG
1023,NRH040,Roger,CC,AA,TT,GG,AA,CC,,TCTC,,GG,GG,CC,CC,GA,GG
1024,848,Roland,CC,AA,TT,GG,AG,CC,GG,TCTC,TT,,,,,,GG
1025,849,Roland,CC,AG,TG,GG,AG,CC,GG,TCTC,TT,,,,,,GG
1026,OC030,Roger,CC,AA,TT,GG,AG,CC,,TCTC,,,,,,,GG
1027,RH041,Roger,CC,AA,TT,GG,AA,CC,,TCTC,,GG,GG,CC,CC,GG,GG
1031,847,Roland,CC,AA,TT,GG,AA,CC,GG,TCCG,TT,,,,,,GG
1032,OC031,Roger,CC,AG,TT,GT,AG,CC,,TCCG,,,,,,,GG
1033,NOC029,Roger,CC,AA,TG,GG,AA,CC,,TCCG,,,,,,,GG
1034,2-02-001,Roger,CC,AA,GG,GG,AA,CC,,TCTC,,,,,,,GG
1035,18,Nick,CC,AA,TG,GG,,,GG,TCCG,TT,,,,,,GG
1036,19,Nick,CC,AA,TT,GG,,,GG,TCCG,TT,,,CC,CT,GG,GG
1037,20,Nick,CC,AA,TT,GG,AG,CC,GG,TCTC,TT,,,CC,CT?,GG,GG
1038,OC033,Roger,CC,AA,GG,GG,AA,CC,,TCCG,,,,,,,GG
1039,731,Roland,CC,AA,TT,GG,AA,CC,GG,TCTC,TT,,,,,,GG
1040,21,Nick,CC,AA,TT,GG,AA,CC,GG,CGCG,TT,,,CC,CC,GG,GG
1041,22,Nick,CC,AA,TT,GG,AA,CC,GG,TCTC,TC,,,CC,CT,GG,GG
1042,202,Roland,CC,AA,TT,GG,AA,CC,GG,TCCG,TT,,,,,,GG
1043,842,Roland,CC,AG,TT,GG,AA,CC,GG,TCTC,TT,,,,,,GG
1044,2/1/1998,Roger,CC,AA,TT,GG,,,,TCTC,,,,,,,GG,
1045,680,Roland,CC,AA,TT,GG,AA,CC,GG,TCCG,TT,,,,,,GG,
1046,863,Roland,CC,AG,TT,GG,AA,CC,GG,TCCG,TT,,,,,,GG,
1047,2-02-003,Roger,CC,AA,TT,GG,AA,CC,,TCCG,,,,,,,GG,
1048,3-01-003,Roger,CC,AA,TT,GG,AA,CC,,TCCG,,,,,,,GG,
1049,23,Nick,CC,AA,TT,GT,AG,CT,GG,TCTC,TT,,,CC,CT,GG,GG,
1050,24,Nick,CT,AA,TT   ^,GG,AG,CC,GG,TCTC,TT,,,CC,CT,GG,GG,^ AG @154
1051,2-02-004,Roger,CC,AA,TT,GG,AA,CC,,TCTC,,,,,,,GG,
1052,853,Roland,CC,AG,TT,GG,AA,CC,GA,TCCG,TT,,,,,,GG,
1053,869,Roland,CC,AA,TT,GT,AG,CT,GG,TCTC,TT,,,,,,GG,
1054,873,Roland,CC,AA,TT,GG,AA,CC,GG,TCCG,TT,,,,,,GG,
1056,1-01-001,Roger,CC,AA,TT,GT,GG,CT,,CGCG,,,,,,,GG,
1057,1-02-001,Roger,TT,AA,TT,GG,AG,CT,,TCCG,,,,,,,GG,
1058,865,Roland,CC,AG,TG,GG,AA,CC,GG,TCCG,TT,,,,,,GG,
1059,3-01-002,Roger,CC,AG,TT,GG,AA,CC,,TCCG,,,,,,,GG,
1060,2-01-002,Roger,CC,GG,TT,GG,AA,CC,,TCTC,,,,,,,GG,
1061,2002,Roger,CC,AG,TT,GG,AG,CC,GA,TT/CC,TT,,,,,,GG
1062,25,Nick,CC,AA,TG,GG,AA,CC,GG,TT/CC,TT,,,CC,CT,GG,GG
1063,26,Nick,CC,,TT,GG,AA,CC,GG,TCCG,TT,,,CC,CT,GG,GG
1064,27,Nick,CC,AA,TT,GG,AA,CC,GG,TCCG,TT,,,CT?,CT,GG,GG
1065,28,Nick,CC,AA,TT,GG,AA,CC,GG,TT/CC,TT,,,CC,CT?,GG,GG
1066,3004,Roger,CC,AG,,GG,AA,CC,GG,TC/CG,TT,,,,,,GG
1067,OC034,Roger,CC,AG,TT,GG,AG,CC,GG,TC/CG,TT,,,,,,GG
1068,1397345,Roger,CC,AA,TT,GG,,,GG,CC/GG,TT,,,,,,GG
1069,2010,Roger,CC,AA,TT,GG,AG,CC,GG,TC/CG,TT,,,,,,GG
1070,876,Roland,CC,AA,TG,GG,AA,CC,GG,TC/CG,TT,,,,,,GG
1071,2009,Roger,CC,AA,TT,GG,AA,CC,GG,TC/CG,TT,,,,,,GG
1073,1002,Roland,CC,AG,TT,GG,AG,CC,GG,CC/GG,TT,,,,,,GG
1074,2011,Roger,CC,AA,TT,GG,AA,CC,GG,TC/CG,TT,,,,,,GG
1075,2007,Roger,CC,AA,TT,GT,AG,CC,GG,TC/CG,TT,,,,,,GG
1076,29,Nick,CC,AG,TG,GG,AG,CC,GG,TT/CC,TT,,,CC,CC,GG,GG
1077,3005,Roger,CT,AA,TT,GG,GG,CC,GG,TT/CC,TT,,,,,,GG
1078,880,Roland,CC,AA,TT,GG,AA,CC,GG,TC/CG,TT,,,,,,GG
1079,3006,Roger,CC,AA,TT,GG,AA,CC,GG,TC/CG,TT,,,,,,GG
1080,892,Roland,CC,AA,TG,GG,AG,CC,GG,TCTC,TT,,,,,,GG
1081,2012,Roger,CC,AA,TT,GG,AA,CC,GG,CGCG,TT,,,,,,GG
1082,2013,Roger,CC,AA,TT,GG,AA,CC,GG,TCTC,TT,,,,,,GG
1083,3007,Roger,CC,AG,TG,GG,AA,CC,GG,TCTC,TT,,,,,,GG
1084,2014,Roger,CC,AA,,GG,AG,CC,GG,TCTC,TT,,,,,,GG
1085,30,Nick,CC,AA,TT,GG,AA,CC,GG,TCTC,TT,,,CC,CT?,GG,GG
1086,31,Nick,CC,AA,TT,GG,AA,CC,GG,TCTC,TT,,,CC,CT?,GG,GG
1087,32,Nick,CC,AA,TT,GG,AA,CC,GG,TCCG,TT,,,,,,GG
1091,OC036,Roger,CC,AA,TG,GT,AG,CT,GG,TCTC,TT,,,,,,GG
1092,33,Nick,CC,AA,TT,GG,AA,CC,GG,TCCG,TT,,,CC,CT?,GG,GG
1094,NOC031,Roger,CC,AG,TT,GT,AG,CT,,CGCG,,,,,,,GC
1095,2015,Roger,CC,AG,TT,GT,AA,CC,GG,TCCG,TT,,,,,,GG
1096,34,Nick,CC,AA,TT,GG,AA,CC,GG,TCCG,TT,,,CC,CC,GG,GC
1097,35,Nick,CC,AA,TT,GG,AG,CC,GG,TCTC,TT,,,CC,CT,GG,GC
1098,2017,Roger,CC,AA,TT,GG,AA,CC,GG,TCCG,TT,,,,,,GG
1099,3008,Roger,CC,AA,TT,GG,AA,CC,GG,TCTC,TT,,,,,,GG
1100,36,Nick,CC,AA,TT,GG,AA,CC,GG,TCCG,TT,,,,,,GG
1101,2018,Roger,CC,AA,TG,GG,AA,CC,GG,TCTC,TC,,,,,,GG
1102,4003,Roger,CC,AA,TT,GG,AA,CC,GG,TCTC,TT,,,,,,GG
1103,37,Nick,CC,AA,TT,GG,AA,CC,GG,TCCG,TC,,,CT,CC,GG,GG
1108,2016,Roger,CC,AG,TT,GG,AA,CC,GG,TCTC,TT,,,,,,GG
1109,NOC033,Roger,CC,AA,TT,GG,AG,CC,,TCTC,,,,,,,GC
1111,39,Nick,CC,AA,TT,GT,AA,CC,GG,TCTC,TT,,,CC,TT/CT,GG,GG
1112,40,Nick,CC,AA,TT,GT,AG,CC,GG,TCCG,TT,,,CC,CC,GG,GG
1113,41,Nick,CC,AA,TG,GG,AA,CC,GG,TCTC,TT,,,CT,CC,GG,GG
1114,42,Nick,CC,AG,TT,GT,AG,CT,GG,TCCG,TT,,,CC,CC,GG,GG
1115,43,Nick,CC,AA,TT,GG,AA,CC,GG,TCCG,TT,,,CC,CC,GG,GG
1116,44,Nick,CC,AA,TT,GG,AG,CC,GG,TCTC,TT,,,CC,CC,GA,GG
1117,45,Nick,CC,GG,TG,GG,AG,CC,GG,TCTC,TT,,,,CC,GG,GG
1118,46,Nick,CC,AA,TT,GG,AG,CC,GG,CGCG,TT,,,CC,CC,GG,GG
1119,47,Nick,CC,AG,TT,GG,AA,CC,GG,TCCG,TT,,,CC,CT,AA/GA,GG,
1120,48,Nick,CC,AA,TT,GG,AA,CC,GG,TCTC,TT,,,CC,CC,GG,GG,
1121,49,Nick,CC,AA,,GG,AA,CC,GG,TCTC,TT,,,CC,CT?,GG,GG,
1122,2019,Roger,CC,AG,TT,GG,AA,CC,GG,TCTC,TT,,,,,,GG,
1123,887,Roland,CC,,TT,GG,AA,CC,GG,CGCG,TT,,,,,,GG,
1124,NOC032,Roger,CC,AA,TT,GG,AA,CC,,TCCG,,,,,,,GG,
1125,50,Nick,CC,AA,TT,GG,AA,CC,GG,TCTC,TT,,,CC,CC,GG,GG,
1126,3012,Roger,CC,AG,TT,GG,AG,CC,GG,CGCG,TT,,,,,,GG,
1127,OC037,Roger,CC,AA,TT,GG,AG,CC,,TCTC,,,,,,,GG,
1128,1006,Roger,CT,AA,TT,GG,AG,CC,GG,CGCG,TT,,,,,,GG,
1129,52,Nick,CC,AG,TT,GG,AA,CC,GG,TCTC,TT,,,,,,GG,
1130,3013,Roger,CC,AA,TT,GG,AA,CC,GA,TCCG,TT,,,,,,GG,
1131,NOC034,Roger,CC,AA,TT^,GG,AA,CC,,TCCG,,,,,,,GG,GA@154
1132,M037,Roger,CC,AA,TT,GT,AA,CC,,TCTC,,,,,,,GG,
1133,NOC036,Roger,CC,AA,TG,GG,AA,CC,,TCCG,,,,,,,GG,
1135,NOC035,Roger,CC,AG,TT,GT,AA,CC,,TCTC,,,,,,,GG,
1136,2021,Roger,CC,AA,TT,GG,AA,CC,GG,TCTC,TT,,,,,,GG
1137,2020,Roger,CC,AA,TT,GG,AG,CC,GA,TCTC,TT,,,,,,GG
1138,1007,Roger,CC,AA,TT,GT,AG,CC,GG,TCTC,TT,,,,,,GG
1139,38,Nick,CT,AA,TT,GG,AG,CC,GG,TCCG,TT,,,CC,CC,GG,GG
1140,2022,Roger,CC,AA,TG,GG,AA,CC,GA,TCTC,TT,,,,,,GG
1141,1008,Roger,CC,AA,GG,GG,AG,CC,GG,TCTC,TT,,,,,,GG
1142,11,Roland,CC,AA,TT,GG,AA,CC,GG,TCTC,TT,,,,,,GG
1143,1348,Roger,CC,AA,TG,GG,AA,CC,GA,TCTC,TC,,,,,,GC
1144,RH043,Roger,CC,AG,TT,GG,AA,CC,,TCTC,,,,CC,CT,,GC
1145,3022,Roger,CC,AG,TTT,GG,AA,CC,GG,TCCG,TT,,,,,,GG
1146,53,Nick,CC,AA,TT,GG,AG,CC,GG,TCCT,TT,,,CC,CT,GG,GG
1148,RH044,Roger,,,TG,GG,AA,CC,,CGCG,,,,,,,GG
1149,RH045,Roger,CC,AG,TT,GG,AA,CC,GA,TCCG,TT,,,CT,CT,,GG
1152,3018,Roger,CC,AA,TG,GG,AA,CC,GA,TCCG,TT,,,,,,GG
1153,2025,Roger,CC,AA,TT,TT,AG,CC,GA,TCTC,TT,,,,,,GG
1154,2013,?,CC,AA,TT,TT,AG,CT,GG,TCCG,TT,,,,,,GG
1155,2023,Roger,CC,AA,TG,GG,AG,CC,GG,TCTC,TT,,,,,,GG
1156,3020,Roger,CC,AA,TT,GG,AA,CC,GG,TCCG,TT,,,,,,GG
1157,54,Nick,CC,AA,TT,GG,AA,CC,GG,CGCG,TT,,,CT,CC,GG,GG
1158,4005,Roger,CC,AG,TT,GG,AA,CC,GG,TCTC,TT,,,,,,GG
1159,3023,Roger,CC,AA,TT,TT,AA,CC,GG,TCCG,TT,,,,,,GG
1161,2011,Roland,CC,AA,TT,GT,AG,CT,GG,TCTC,TT,,,,,,GG
1162,55,Nick,CC,GG,TG,GT,AA,CC,GA,TCTC,TT,,,CC,CC,GG,GG
1163,2027,Roger,CC,AG,TT,GG,AG,CC,GG,TCCG,TT,,,,,,GG
1164,2015,Roland,CC,AA,TT,GT,AG,CT,GG,TCTC,TT,,,,,,GG
1165,2030,Roger,CC,AA,TT,GG,GG,CC,GG,TCTC,TT,,,,,,GG
1166,2029,Roger,CC,AA,TT,GG,AA,CC,GG,TCTC,TT,,,,,,GG
1167,2031,Roger,CC,AA,TT,GG,AG,CC,GG,TCCG,TT,,,,,,GG
1168,56,Nick,CC,AA,TT,GG,AA,CC,GG,TCTC,TT,,,CC,CT,GG,GG
1170,2028,Roger,CC,AA,TG,GG,AA,CC,GG,TCTC,TT,,,,,,GG
1171,3024,Roger,CC,AA,TT,GG,AA,CC,GG,CGCG,TT,,,,,,GG
1172,57,Nick,CC,AA,TT,GG,AA,CC,GG,TCCG,TT,,,CT,CC/CT,GG,GG
1173,2016,Roland,CC,AG,TT,GG,AA,CC,GG,TCTC,TT,,,,,,GG
1174,58,Nick,CC,AG,TT,GG,AA,CC,GG,TCCG,TT,,,CC,CC,GG,GG
1175,3021,Roger,CC,AA,TT,TT,AG,CC,GG,TCCG,TT,,,,,,GG
1176,2025,Roland,CC,AA,TG,GG,AA,CC,GG,TCCG,TT,,,,,,GG
1181,729,Roland,CC,AA,TT,GG,AA,CC,GG,TCTC,TT,,,,,,GG
1182,850,Roland,CC,AA,TT,GG,AA,CC,GG,TCCG,TT,,,,,,GG
1183,2032,Roger,CC,AA,TT,TT,AG,CT,GG,TCTC,TT,,,,,,GG
1184,2033,Roger,CC,AA,TT,GG,AG,CC,GG,TCCG,TT,,,,,,GG
1185,3029,Roger,CC,AA,GG,GG,AA,CC,GG,TCTC,TT,,,,,,GG
1186,M038,Roger,CC,AA,TG,GG,AA,CC,GG,TCCG,TC,,,,,,GG
1187,2034,Roger,CC,AA,TT,GG,AA,CC,GG,TCTC,TT,,,,,,GG
1188,3025,Roger,CC,AA,TT,GG,AG,CC,GG,TCCG,TT,,,,,,GG
1189,3026,Roger,CC,AA,TT,GG,AG,CC,GG,TCTC,TT,,,,,,GG
1190,59,Nick,CC,AA,,GG,AA,CC,GG,TCTC,TT,,,,,,GG
1191,2036,Roger,CC,AA,GG,GT,AG,CT,GG,TCTC,TT,,,,,,GG
1192,3031,Roger,CC,AA,TT,GG,AG,CC,GG,CGCG,TT,,,,,,GG
1193,3028,Roger,CC,AG,TT,GG,AA,CC,GG,TCCG,TT,,,,,,GG
1194,OC038,Roger,CC,AA,TG,GT,AA,CC,GG,TCTC,TT,,,,,,GG
1195,3030,Roger,CC,AA,TT,GG,AA,CC,GG,TCCG,TT,,,,,,GG
1196,2036,Roland,CC,AA,TT,GG,AA,CC,GG,TCTC,TT,,,,,,GG
1197,3033,Roger,CC,AG,TT,GT,AG,CT,GG,TCTC,TT,,,,,,GG
1198,NOC040,Roger,CC,AA,TT,GG,AA,CC,GG,TCCG,TT,,,,,,GG
1199,OC039,Roger,CC,AG,TG,GG,AA,CC,GG,TCCG,TC,,,,,,GG
1200,3035,Roger,CC,AG,TT,GG,AA,CC,GG,TCCG,TT,,,,,,GG
1202,OC041,Roger,CC,GG,TT,GG,AA,CC,GG,TCTC,TT,,,,,,GG
1203,NOC039,Roger,CC,AA,TT,GG,AG,CC,GG,TCCG,TT,,,,,,GG
1204,895,Roland,CC,AA,TT,GG,AA,CC,GG,TCTC,TT,,,,,,GG
1205,60,Nick,CC,AA,TT,GG,AA,CC,GG,TCTC,TT,,,,,,GG
1206,01447191 577-2001,Roger,CC,AG,TG,GT,,,GG,TCCG,TT,,,,,,GG
1208,682,Roland,CT,AA,TT,GG,GG,CC,GG,CGCG,TT,,,,,,GG
1209,61,Nick,CC,AG,TG,GG,AA,CC,GG,TCCG,TT,,,,,,GG
1210,62,Nick,CC,AA,,GG,AA,CC,GA,TCCG,TT,,,,,,GG
1211,NOC041,Roger,CC,AG,TT,GG,AA,CC,GG,TCTC,TT,,,,,,GG
1212,3042,Roger,CC,AA,TG,GG,AA,CC,GG,CGCG,TT,,,,,,GG
1213,3036,Roger,CC,AA,TT,GG,,,GG,TCTC,TT,,,,,,GG
1214,788,Roland,CT,AA,TT,GG,AG,CC,GG,TCTC,TT,,,,,,GG
1215,RH046,Roger,CC,AA,TT,GG,AA,CC,GG,TCTC,TT,,,CT,CT,,GG
1216,3041,Roger,CC,GG,TT,GG,AA,CC,GG,TCTC,TT,,,,,,GG
1217,3038,Roger,CC,AG,TT,GT,GG,CT,GG,TCCG,TT,,,,,,GG
1218,3034,Roger,CC,AG,TG,GT,AG,CT,GG,TCCG,TT,,,,,,GG
1219,RH047,Roger,CC,AA,TT,GG,AA,CC,GG,TCCG,TT,,,TT,,,GG
1220,3046,Roger,CC,AA,,GG,AG,CC,GG,TCCG,TT,,,,,,GG
1221,1010,Roger,CC,AA,TT,GG,AG,CT,GG,TCTC,TT,,,,,,GG
1222,RH048,Roger,CC,AA,TT,GG,AA,CC,GG,TCTC,TT,,,CT,,,GG
1223,3047,Roger,CC,AA,TT,GG,AA,CC,GG,TCTC,TT,,,,,,GG
1224,3049,Roger,CT,AA,TT,GG,AG,CC,GG,CGCG,TT,,,,,,GG
1225,13,Nick,see UF997,,,GG,AA,CC,,,,,,,,,GG
1226,10,Nick,CC,AA,TT,GT,GG,TT,GG,TCTC,TT,,,,,,GG
1227,12,Nick,see UF986,,,GT,AG,CT,,,,,,,,,GG
1228,51,Nick,CC,AA,TT,GG,AA,CC,GG,TCCG,TT,,,,,,GG
1229,1012,Roger,TT,AA,TG,GT,,,GG,TCTC,TT,,,,,,GG
1230,3050,Roger,CC,AA,TT,GG,AA,CC,GG,TCTC,TT,,,,,,GG
1231,844,Roland,CC,AA,TG,GG,AA,CC,GG,CGCG,TT,,,,,,GG
1232,63,Nick,CC,AG,TG,GG,AA,CC,GG,TCTC,TT,,,,,,GC
1233,3051,Roger,CC,AA,TG,TT,AG,CC,GG,TCTC,TT,,,,,,GG
1234,RH049,Roger,CC,AG,TT,GG,AA,CC,GG,TCTC,TT,,,,,,GG
1235,2041,Roger,CC,AA,TT,GG,AA,CC,GG,TCTC,TT,,,,,,GG
1236,3048,Roger,CC,,TT,GT,AA,CC,GG,TCCG,TT,,,,,,GG
1237,1016,Roger,CT,AA,TT,GT,AG,CT,GG,TCCG,TT,,,,,,GG
1238,NOC042,Roger,CC,AG,TT,GG,AA,CC,GG,TCTC,TT,,,,,,GG
1239,1017,Roger,CT,AA,TT,GG,GG,CT,GG,TCTC,TT,,,,,,GG
1240,890,Roland,TT,AA,TT,GG,AG,CT,GG,TCCG,TT,,,,,,GG
1241,11,Nick,see UF985,,,GG,,,,,,,,,,,GG
1244,2039,Roger,CC,AG,TT,GG,AA,CC,GA,TCTC,TT,,,,,,GG
1245,3039,Roger,CC,AA,TT,GG,,,GG,TCTC,TT,,,,,,
1246,1019,Roger,CC,AA,TT,GG,,,GG,TCCG,TT,,,,,,
1247,1018,Roger,CC,AA,TT,GG,,,GG,TCCG,TT,,,,,,
1248,OC044,Roger,CC,AA,TT,GG,,,GG,TCCG,TC,,,,,,
1249,OC043,Roger,CC,AA,TG,GT,,,GG,TCCG,TT,,,,,,
1250,64,Nick,CC,AG,TG,GG,,,GG,TCTC,TT,,,CT,CT,,GG
1251,RH050,Roger,CC,AA,,GG,,,GG,TCTC,TT,,,,,,
1253,3052,Roger,CC,AA,TT,GG,,,GG,TCTC,TT,,,,,,
1254,1015,Roger,CC,AA,TT,GG,,,GG,TCCG,TT,,,,,,
1255,OC045,Roger,CC,AA,TT,GG,,,GG,CGCG,TT,,,,,,
1256,1020,Roger,CC,AG,TT,GG,,,GG,CGCG,TT,,,,,,
1257,1023,Roger,CC,AA,TG,GT,,,GG,TCCG,TT,,,,,,
1259,1022,Roger,CT,AA,TT,GG,,,GG,TCCG,TT,,,,,,
1260,2042,Roger,CC,AG,TT,GG,,,GG,TCCG,TT,,,,,,
1261,1021,Roger,CC,AA,TT,GG,,,GG,CGCG,TT,,,,,,
1262,2040,Roger,CC,AA,TT,GG,,,GG,TCCG,TT,,,,,,
1263,65,Nick,CC,AA,TT,GG,,,GG,TCTC,TT,,,,,,
1264,3051,Roger,CC,AA,TG,GG,,,GG,CGCG,TT,,,,,,
1265,2045,Roger,CC,AA,TT,GT,,,GG,TCCG,TT,,,,,,
1266,1024,Roger,CC,AA,TT,GG,,,GG,CGCG,TT,,,,,,
1267,RH051,Roger,CC,AA,TG,GG,,,GG,TCTC,TT,,,CT,CT,,GG
1268,1026,Roger,CT,AA,TT,GG,,,GG,TCCG,TT,,,,,,
1271,2046,Roger,CC,AA,TT,GG,,,GG,TCTC,TT,,,,,,
1272,2049,Roger,CC,AA,TT,GG,,,GG,TCTC,TT,,,,,,
1273,2044,Roger,CC,AG,TT,GG,,,GG,TCCG,TT,,,,,,
1274,2038,Roland,CC,AA,TT,GG,,,GG,TCCG,TT,,,,,,
1275,RH052,Roger,CC,AA,TT,GG,,,GG,TCTC,TT,,,CC,CC,,GG
1276,2050,Roger,CC,AA,TT,GG,,,GG,CGCG,TT,,,,,,
1277,2051,Roger,CC,,TT,GG,,,GG,CGCG,TT,,,,,,
1279,67,Nick,CC,AG,TT,GG,,,GG,TCTC,TT,,,,,,
1280,68,Nick,CC,AA,TT,GG,,,GG,TCCG,TT,,,,,,
1281,2047,Roger,CC,AG,TT,GG,,,GG,TCCG,TT,,,,,,
1282,2113,Roland,CC,AA,TG,GG,,,GG,TCTC,TT
1283,1027,Roger,CC,AA,TT,GT,,,GG,TCTC,TT
1284,68,Nick,CC,AA,GG,GT,,,GG,TCCG,TT
1287,5003,Roger,CC,AG,TG,GG,,,GG,TCTC,TT
1288,1029,Roger,CC,AA,TT,GG,,,GG,TCTC,TT
1290,5002,Roger,CC,AA,TT,GG,,,GG,TCTC,TT
1291,3055,Roger,C/C ,A/A ,T/T ,GG,,,GG,TCTC,T/T 
1292,2055,Roger,C/C ,A/G ,G/G ,GG,,,GG,TCTC,T/T 
1293,RH055,Roger,C/C ,A/G ,T/T ,GG,,,GG,TCTC,T/T 
1294,1031,Roger,C/T ,A/A ,T/T ,GG,,,GG,TCCG,T/T 
1295,4009,Roger,C/C ,A/G ,T/T ,GT,,,GG,TCTC,T/T 
1297,RH056,Roger,C/C ,A/A ,T/T ,GG,,,GG,TCCG,T/C 
1298,1030,Roger,C/C ,A/A ,T/T ,GG,,,GG,TCTC,T/T 
1299,2056,Roger,C/C ,A/A ,T/T ,GG,,,GG,TCTC,T/T 
1300,RH057,Roger,C/C ,A/A ,T/T ,GG,,,GG,CGCG,T/T 
1301,1036,Roger,C/C ,A/A ,T/T ,GG,,,GG,CGCG,T/T 
1302,70,Nick,C/C ,A/A ,G/T ,GG,,,GG,TCTC,T/T 
1303,71,Nick,C/C ,A/A ,T/T ,GG,,,GG,TCCG,T/T 
1304,1041,Roger,C/T ,A/A ,T/T ,GG,,,GG,TCCG,T/T 
1305,3056,Roger,C/C ,A/A ,T/T ,GG,,,GG,TCCG,T/T 
1306,1039,Roger,C/T ,A/A ,T/T ,GG,,,GG,TCTC,T/T 
1307,3054,Roger,C/C ,A/G ,T/T ,GG,,,GG,TCCG,T/T 
1309,1037,Roger,C/C ,A/A ,T/T ,GG,,,GG,TCTC,T/T 
1310,2059,Roger,C/C ,A/G ,G/T ,GT,,,GG,TCCG,T/T 
1311,1038,Roger,C/T ,A/A ,T/T ,GG,,,GG,TCCG,T/T 
1314,1044,Roger,C/C ,A/A ,T/T ,GG,,,GG,TCCG,T/T 
1315,1046,Roger,C/T ,A/A ,T/T ,GT,,,GG,TCTC,T/T 
1316,RH058,Roger,C/C ,A/A ,G/T ,GG,,,GG,TCCG,T/T 
1317,4012,Roger,C/C ,A/A ,T/T ,GT,,,GG,TCTC,T/T 
1318,1043,Roger,C/C ,A/A ,T/T ,,,,GG,CGCG,T/T 
1319,1045,Roger,C/C ,A/A ,T/T ,,,,GG,TCTC,T/T 
1320,2191,Roland,C/C ,A/G ,T/T ,,,,GG,TCTC,T/T 
1321,1048,Roger,C/C ,A/A ,T/T ,,,,GG,TCTC,T/T 
1322,590,Roland,C/C ,A/A ,T/T ,,,,GG,TCTC,T/T 
1329,1042,Roger,C/C ,A/A ,T/T ,,,,GG,TCTC,T/T 
1330,4011,Roger,C/C ,G/G ,T/T ,,,,GG,TCTC,T/T 
1331,1032,Roger,C/C ,A/A ,T/T ,,,,GG,TCCG,T/T 
1332,3059,Roger,C/C ,A/A ,G/T ,,,,GG,TCTC,T/T 
1333,1050,Roger,C/C ,A/A ,T/T ,,,,GG,TCCG,T/T 
1334,2056,Roland,C/C ,A/G ,T/T ,,,,GG,CGCG,T/T 
1336,72,Nick,C/C ,A/A ,G/T ,,,,GG,TCTC,T/T 
1337,1051,Roger,C/T ,A/A ,G/T ,,,,GG,TCTC,T/T 
1338,2062,Roger,C/C ,A/A ,T/T ,,,,GG,TCTC,T/T 
1339,2063,Roger,C/C ,A/A ,T/T ,,,,GG,TCCG,T/T 
1340,5004,Roger,C/T ,A/A ,T/T ,,,,GG,TCCG,T/T 
1341,4041,Roger,C/C ,A/A ,T/T ,,,,GG,TCTC,T/T 
1342,2236,Roland,C/C ,A/G ,T/T ,,,,GG,TCCG,T/T 
1343,5005,Roger,C/C ,A/A ,T/T ,,,,GG,TCTC,T/T 
1344,2064,Roger,C/C ,A/G ,T/T ,,,,GG,TCTC,T/T 
1348,2066,Roger,C/C ,A/G ,T/T ,,,,GG,CGCG,T/T 
1349,1055,Roger,C/T ,A/A ,T/T ,,,,GG,CGCG,T/T 
1350,800,Roland,C/C ,A/G ,T/T ,,,,,TCTC,T/T 
1351,2068,Roger,C/C ,A/A ,T/T ,,,,GG,TCTC,T/T 
1352,1057,Roger,C/C ,A/A ,T/T ,,,,GG,TCTC,T/T 
1353,2067,Roger,C/C ,A/A ,T/T ,,,,GG,TCCG,T/T 
1354,3058,Roger,C/C ,A/A ,T/T ,,,,GG,TCTC,T/T 
1355,4016,Roger,C/C ,G/G ,T/T ,,,,GG,TCTC,T/T 
1356,2070,Roger,C/C ,A/A ,G/T ,,,,GG,TCCG,T/T 
1357,4018,Roger,C/C ,G/G ,G/G ,,,,GG,TCCG,T/T 
1358,2047,Roland,C/C ,,T/T ,,,,GG,TCTC,T/T 
1360,2071,Roger,C/C ,,T/T ,,,,GG,CGCG,T/T 
1362,2069,Roger,,,,,,,,,
1363,2073,Roger,,,,,,,,,
1364,1061,Roger,,,,,,,,,
1365,2293,Roland
1366,2105,Roland
1367,97,Roland
1368,2074,Roger
1369,577,Roland
1370,1062,Roger
1372,1063,Roger
1373,2075,Roger
1374,2078,Roger
1375,1064,Roger
1376,1065,Roger
1379,2077,Roger
1380,3061,Roger
1381,3063,Roger
1382,2079,Roger
1384,2320,Roland
1385,2082,Roger
1386,2081,Roger
1389,2145,Roland
1392,3064,
1393,4017,
